Log;UT;Body;Body x (m);Body y (m);Body z (m);Vessel;Latitude;Longitude;Altitude (m);Surface speed (m/s);Orbital speed (m/s);Krakensbane (m/s);Origin shifts since previous Log;Quads
1;64827.259999995636;Earth;-5269707.5780639648;-3050604.2910690308;-1874749.4637870789;Quad-Rocket;28.608389839693295;-80.599767308630732;90.453671720810235;0.087107434582829615;407.931751650908;0;1;203
2;64828.35999999546;Earth;-5269707.5780639648;-3050604.2910690308;-1874749.4637870789;Quad-Rocket;28.608389678423588;-80.599700983436207;90.26478639151901;11.87415178573772;419.7389175031596;0;0;203
3;64829.319999995307;Earth;-5269707.5780639648;-3050604.2910690308;-1874749.4637870789;Quad-Rocket;28.608389588513941;-80.599531756107837;90.090067399665713;22.232596926431086;430.0996135974018;0;0;203
4;64830.339999995143;Earth;-5269707.5780639648;-3050604.2910690308;-1874749.4637870789;Quad-Rocket;28.608389566677943;-80.599242782038132;90.453174063004553;32.740097433885282;440.59528331487735;0;0;203
5;64831.319999994987;Earth;-5269707.5780639648;-3050604.2910690308;-1874749.4637870789;Quad-Rocket;28.608389616515119;-80.598864837748366;92.156948793679476;42.3033218312512;450.08770919642564;0;0;203
6;64832.339999994823;Earth;-5269707.5780639648;-3050604.2910690308;-1874749.4637870789;Quad-Rocket;28.608389751162509;-80.598373818443378;96.459682110697031;51.750471788834346;459.32005247716694;0;0;203
7;64833.319999994666;Earth;-5269707.5780639648;-3050604.2910690308;-1874749.4637870789;Quad-Rocket;28.60838996869078;-80.5978143442343;104.04314431454986;60.5379503359118;467.72616285122064;0;0;203
8;64834.319999994506;Earth;-5269707.5780639648;-3050604.2910690308;-1874749.4637870789;Quad-Rocket;28.6083902801464;-80.597157713820991;115.72393237240613;69.619938758540641;476.33030128549717;0;0;203
9;64835.319999994346;Earth;-5269707.5780639648;-3050604.2910690308;-1874749.4637870789;Quad-Rocket;28.608390666118392;-80.59640768255251;130.60396433062851;79.653138470724727;486.1526929041288;0;0;203
10;64836.319999994186;Earth;-5269707.5780639648;-3050604.2910690308;-1874749.4637870789;Quad-Rocket;28.6083911049916;-80.59555589160702;147.66802967898548;89.854186816825944;496.1995200628507;0;0;203
11;64837.319999994026;Earth;-5269707.5780639648;-3050604.2910690308;-1874749.4637870789;Quad-Rocket;28.608391589264571;-80.594603134270258;167.01448690053076;99.957699589629442;506.12700285669484;0;0;203
12;64838.339999993863;Earth;-5269707.5780639648;-3050604.2910690308;-1874749.4637870789;Quad-Rocket;28.608392115367991;-80.593524822460324;188.63624802604318;110.53863485431336;516.67291284773216;0;0;203
13;64839.3399999937;Earth;-5269707.5780639648;-3050604.2910690308;-1874749.4637870789;Quad-Rocket;28.60839264837308;-80.592361230186782;211.32660684455186;120.93256000859721;527.04122242297524;0;0;203
14;64840.319999993546;Earth;-5269707.5780639648;-3050604.2910690308;-1874749.4637870789;Quad-Rocket;28.60839317155704;-80.5911165185071;234.57806578651071;131.34518212952307;537.53594846306885;0;0;203
15;64841.319999993386;Earth;-5269707.5780639648;-3050604.2910690308;-1874749.4637870789;Quad-Rocket;28.608393690806146;-80.589737648482838;258.90398849826306;142.01978208148387;548.30061540844144;0;0;203
16;64842.319999993226;Earth;-5269707.5780639648;-3050604.2910690308;-1874749.4637870789;Quad-Rocket;28.608394180288769;-80.588247706815793;283.54154037870467;152.81993742530346;559.23780529899318;0;0;203
17;64843.319999993066;Earth;-5269707.5780639648;-3050604.2910690308;-1874749.4637870789;Quad-Rocket;28.608394625041491;-80.5866454239388;308.14973128214478;163.65080666660756;570.2061055762947;0;0;203
18;64844.299999992909;Earth;-5269707.5780639648;-3050604.2910690308;-1874749.4637870789;Quad-Rocket;28.608395003970088;-80.584965683574055;331.99262901674956;174.30356812267254;581.00889948860754;0;0;203
19;64845.319999992746;Earth;-5269707.5780639648;-3050604.2910690308;-1874749.4637870789;Quad-Rocket;28.608395323096889;-80.583102146799263;356.26871983706951;185.35035955096919;592.20482578932092;0;0;203
20;64846.299999992589;Earth;-5269707.5780639648;-3050604.2910690308;-1874749.4637870789;Quad-Rocket;28.608395541253834;-80.581201354094873;378.86469446495175;195.91773106430873;602.91363776457933;0;0;212
21;64847.279999992432;Earth;-5269707.5780639648;-3050604.2910690308;-1874749.4637870789;Quad-Rocket;28.608395661181692;-80.579193152506775;400.5827354406938;206.40405541971893;613.53116903467594;0;0;212
22;64848.279999992272;Earth;-5269707.5780639648;-3050604.2910690308;-1874749.4637870789;Quad-Rocket;28.608395669290591;-80.577034214998719;421.68638514634222;217.00488039962298;624.2551507553834;0;0;212
23;64849.279999992112;Earth;-5269707.5780639648;-3050604.2910690308;-1874749.4637870789;Quad-Rocket;28.608395545377224;-80.574765700104948;441.60997301340103;227.48261243017075;634.84363198961819;0;0;212
24;64850.299999991948;Earth;-5269122.52338968;-3050785.9572333158;-1877382.0459824977;Quad-Rocket;28.60839527171483;-80.5723404917899;460.62201695516706;238.01963870717449;645.4797607892832;237.81456541104913;44;216
25;64851.299999991788;Earth;-5269055.4139411561;-3050794.1954083489;-1877615.6796470503;Quad-Rocket;28.608394846691784;-80.569855463240955;477.91386127285659;248.18685892206494;655.73137019145372;247.98525664132057;50;216
26;64852.279999991631;Earth;-5268985.2261246955;-3050801.6164272404;-1877853.5632843464;Quad-Rocket;28.608394267335395;-80.567318856219572;493.530545511283;257.97581358016851;665.59096238444567;257.77783909045064;49;216
27;64853.319999991465;Earth;-5268906.0108025679;-3050808.7754473775;-1878115.4644238777;Quad-Rocket;28.608393464311035;-80.564519483670665;508.6456634933129;268.16054071127513;675.83871988619455;267.96673722341041;52;220
28;64854.279999991311;Earth;-5268828.6334388768;-3050814.7278704108;-1878365.6661724243;Quad-Rocket;28.60839254007173;-80.561839324674878;521.26555504184216;277.36608931983778;685.09278701363473;277.17627902380406;48;220
29;64854.579999991263;Earth;-5268803.6248522252;-3050816.4581868509;-1878445.4869040598;Quad-Rocket;28.6083922135884;-80.560983176017288;524.94579585175961;280.2032519613557;687.94362742287171;280.014680005698;15;220
30;64855.53999999111;Earth;-5268720.9382588007;-3050821.5558851818;-1878706.03466078;Quad-Rocket;28.608391042623598;-80.5581849476002;535.8308369088918;289.16462438299851;696.94585664684075;288.97972551250479;48;220
31;64856.53999999095;Earth;-5268630.4511492606;-3050826.0977966823;-1878985.5634337936;Quad-Rocket;28.608389608749381;-80.555176764400457;545.60872879251838;298.3056361621276;706.12397769830955;298.12497599558918;50;224
32;64857.53999999079;Earth;-5268535.4664262272;-3050829.7803403167;-1879273.1253829878;Quad-Rocket;28.608387943554366;-80.552075612590542;553.63902362529188;307.1958836918779;715.04537582566059;307.02115547202169;50;224
33;64858.539999990629;Earth;-5268435.9356572153;-3050832.5149508887;-1879568.3773845769;Quad-Rocket;28.608386034336579;-80.548884633463118;559.73934223037213;315.74739219185443;723.62116988073831;315.57995100046077;50;224
34;64859.499999990476;Earth;-5268336.0833965642;-3050834.1666218247;-1879858.6838646566;Quad-Rocket;28.608383961156836;-80.5457402640632;563.61143179051578;323.627595958748;731.51716812165887;323.46626738040561;48;224
35;64859.999999990396;Earth;-5268282.3996085227;-3050834.6246180274;-1880012.4381489155;Quad-Rocket;28.608382784849173;-80.544072169463917;564.80774623062462;327.62941983312652;735.52395719035587;327.47039225011582;25;224
36;64860.999999990236;Earth;-5268171.5597239574;-3050834.670171171;-1880325.0266147132;Quad-Rocket;28.608380227577605;-80.540675020800919;565.42423438839614;335.50776725728554;743.40500450380512;335.35110042463748;50;224
37;64861.979999990079;Earth;-5268058.39358704;-3050833.5408820859;-1880637.819196302;Quad-Rocket;28.608377448482358;-80.53726789227332;563.63233866821975;343.18957959160173;751.07970222946551;343.03224186661123;49;224
38;64862.979999989919;Earth;-5267938.1901224377;-3050831.1398376077;-1880963.56643315;Quad-Rocket;28.608374324050359;-80.533711555710312;559.25488200038671;351.12768205241571;759.000337002058;350.96735802281142;50;233
39;64863.979999989759;Earth;-5267813.0977406586;-3050827.4356570765;-1881296.0434917824;Quad-Rocket;28.60837089764118;-80.530073454375156;552.21741005033255;359.24402618292464;767.08913313234723;359.07962417070758;50;233
40;64864.9799999896;Earth;-5267682.9956274079;-3050822.3924304792;-1881635.3957492828;Quad-Rocket;28.608367158521094;-80.526351765203827;542.44714180380106;367.5635100996081;775.37109448258229;367.3954069833801;50;233
41;64865.999999989435;Earth;-5267545.0002834247;-3050815.8245211807;-1881988.7437992052;Quad-Rocket;28.608363010739623;-80.522467861944108;529.57591642159969;376.19127190876139;783.9499656030506;376.02165717072563;51;237
42;64866.979999989278;Earth;-5267407.2656951873;-3050808.0993719497;-1882335.0956505816;Quad-Rocket;28.608358696205404;-80.518652325499644;514.321813150309;384.47164954183307;792.17201774879868;384.30332191149142;49;237
43;64867.979999989118;Earth;-5267261.406813628;-3050798.70821314;-1882695.3268451251;Quad-Rocket;28.608353948429357;-80.514674889628949;495.67664799373597;392.85868772239422;800.48691562740737;392.69139345150683;50;237
44;64868.979999988958;Earth;-5267110.0735732466;-3050787.7155455304;-1883062.317215312;Quad-Rocket;28.608348839251015;-80.510613359865772;473.76046839542687;401.21057415784173;808.75338974828469;401.043716179378;50;237
45;64869.9799999888;Earth;-5266953.1550428458;-3050775.0463970439;-1883435.9723859876;Quad-Rocket;28.608343355844291;-80.50646825678;448.41930388007313;409.55346533778317;816.99717046413741;409.38653756267337;50;237
46;64870.959999988641;Earth;-5266793.8463193337;-3050760.9345363751;-1883808.5521870046;Quad-Rocket;28.608337606499802;-80.502325247323938;420.11929472256452;417.74315196374897;825.07606478653668;417.575749622199;49;237
47;64871.979999988478;Earth;-5266622.1036336264;-3050744.391971881;-1884203.0130635137;Quad-Rocket;28.608331214117634;-80.497928264688852;386.87393145356327;426.30128680136238;833.50417634682015;426.13303559963867;51;237
48;64872.959999988321;Earth;-5266451.2803635038;-3050726.6492100684;-1884588.3822113757;Quad-Rocket;28.608324667003117;-80.4936220938373;351.153529509902;434.57168408115973;841.63523595446065;434.40235612133779;49;237
49;64873.959999988161;Earth;-5266270.9750508182;-3050706.6093457439;-1884988.0344452057;Quad-Rocket;28.608317563110024;-80.489145394882243;310.74919968470931;443.06987921126836;849.976428164285;442.89928494729043;50;237
50;64874.959999988;Earth;-5266084.4907053774;-3050684.5480548777;-1885394.1525316348;Quad-Rocket;28.60831001792706;-80.4845849485113;266.2131332019344;451.63349179462779;858.3678187925118;451.46156898143295;50;237
51;64875.239999987956;Earth;-5266031.1509834994;-3050677.9995252867;-1885509.0221517081;Quad-Rocket;28.608307824265463;-80.483292976965686;252.98395591974258;454.04315549741085;860.72650014311569;453.87086801282788;14;237
52;64876.1999999878;Earth;-5265844.4840199715;-3050654.2842758941;-1885906.6942624212;Quad-Rocket;28.608300027653666;-80.478813268988915;205.04488062206656;462.34209302801349;868.84136523824736;462.1686448802688;48;237
53;64877.179999987646;Earth;-5265647.7947674263;-3050628.01084479;-1886318.7559046149;Quad-Rocket;28.608291618475633;-80.474160105957964;151.88797999359667;470.86548514950681;877.16186891836639;470.69111675355208;49;241
54;64878.199999987482;Earth;-5265639.6334562143;-3050626.8932738523;-1886335.7053101498;Quad-Rocket;28.608282368699143;-80.469231001195723;91.89872129727155;479.77340932116817;885.84230114639172;0;2;241
55;64879.179999987326;Earth;-5265419.5056485971;-3050595.95873215;-1886788.5787842709;Quad-Rocket;28.608272989524366;-80.464412754058941;29.653359118849039;488.34055486029138;894.17498261536764;0;1;250
